{"stats":{"minecraft:picked_up":{"minecraft:stick":2,"minecraft:salmon":4,"minecraft:enchanted_book":2,"minecraft:sand":284,"minecraft:ink_sac":10,"minecraft:string":2,"minecraft:arrow":2,"minecraft:bone":2,"minecraft:rotten_flesh":2,"minecraft:gold_nugget":19,"minecraft:cobbled_deepslate":2,"minecraft:comparator":6,"minecraft:iron_nugget":11,"cataclysm:necklace_of_the_desert":4,"minecraft:cod":8},"minecraft:used":{"minecraft:redstone_torch":1,"minecraft:lever":4,"minecraft:light":5,"chunkloaders:basic_chunk_loader":1,"minecraft:command_block":7,"securitycraft:reinforced_end_stone_bricks":63,"minecraft:barrier":10,"minecraft:chest":1,"minecraft:redstone_block":12,"chunkloaders:advanced_chunk_loader":1,"securitycraft:reinforced_sticky_piston":5,"minecraft:golden_apple":2,"minecraft:golden_sword":10,"effs:hand_combat":4,"minecraft:glowstone":9,"minecraft:bow":2,"minecraft:comparator":33,"minecraft:chain_command_block":1,"minecraft:white_bed":1,"minecraft:ice":1,"minecraft:repeating_command_block":23,"minecraft:tuff":5,"minecraft:enchanted_golden_apple":1},"minecraft:killed":{"minecraft:skeleton":2,"minecraft:zombie":4,"minecraft:pig":1,"iceandfire:fire_dragon":1,"minecraft:spider":3},"minecraft:custom":{"minecraft:time_since_rest":123390,"minecraft:sprint_one_cm":208134,"minecraft:damage_taken":3187,"minecraft:damage_absorbed":80,"minecraft:walk_one_cm":647492,"minecraft:mob_kills":16,"minecraft:drop":78,"minecraft:damage_dealt":1406,"minecraft:damage_dealt_absorbed":3031,"minecraft:swim_one_cm":21316,"minecraft:fly_one_cm":4326951,"minecraft:open_chest":5,"minecraft:crouch_one_cm":5755,"minecraft:play_time":529702,"minecraft:deaths":23,"minecraft:sneak_time":7882,"minecraft:walk_under_water_one_cm":302486,"minecraft:jump":596,"minecraft:leave_game":80,"minecraft:walk_on_water_one_cm":42367,"minecraft:time_since_death":123368,"minecraft:total_world_time":529702,"minecraft:damage_resisted":70,"minecraft:fall_one_cm":17443},"minecraft:dropped":{"minecraft:enchanted_book":3,"cataclysm:necklace_of_the_desert":6,"minecraft:iron_nugget":36,"minecraft:wooden_shovel":1,"minecraft:gold_nugget":39,"minecraft:golden_apple":4}},"DataVersion":3465}