{"stats":{"minecraft:dropped":{"iceandfire:hydra_heart":1},"minecraft:custom":{"minecraft:jump":39,"minecraft:time_since_rest":39544,"minecraft:damage_dealt":0,"minecraft:sprint_one_cm":3558,"minecraft:crouch_one_cm":72,"minecraft:walk_on_water_one_cm":655,"minecraft:play_time":39544,"minecraft:damage_taken":120,"minecraft:time_since_death":39544,"minecraft:walk_one_cm":57699,"minecraft:sneak_time":436,"minecraft:total_world_time":39544,"minecraft:walk_under_water_one_cm":1372,"minecraft:damage_dealt_absorbed":1658,"minecraft:drop":1,"minecraft:fly_one_cm":174038},"minecraft:used":{"minecraft:redstone_torch":1,"effs:hand_combat":35,"minecraft:repeating_command_block":3,"minecraft:redstone_block":3,"minecraft:comparator":4,"minecraft:golden_sword":4}},"DataVersion":3465}