{"stats":{"minecraft:dropped":{"iceandfire:hydra_heart":1},"minecraft:picked_up":{"minecraft:rotten_flesh":2},"minecraft:killed":{"minecraft:zombie":2},"minecraft:custom":{"minecraft:time_since_rest":53494,"minecraft:crouch_one_cm":72,"minecraft:walk_one_cm":72087,"minecraft:play_time":53494,"minecraft:sprint_one_cm":4164,"minecraft:damage_taken":255,"minecraft:sneak_time":445,"minecraft:walk_under_water_one_cm":1372,"minecraft:mob_kills":2,"minecraft:drop":1,"minecraft:jump":49,"minecraft:damage_dealt":401,"minecraft:leave_game":1,"minecraft:time_since_death":53494,"minecraft:walk_on_water_one_cm":655,"minecraft:total_world_time":53494,"minecraft:damage_dealt_absorbed":2733,"minecraft:fall_one_cm":259,"minecraft:fly_one_cm":176561},"minecraft:used":{"minecraft:redstone_torch":1,"minecraft:golden_sword":8,"effs:hand_combat":90,"minecraft:comparator":4,"minecraft:repeating_command_block":3,"minecraft:redstone_block":3}},"DataVersion":3465}