{"stats":{"minecraft:crafted":{"cgm:heavy_rifle":1,"cgm:specialised_grip":1,"cgm:long_scope":1},"minecraft:killed":{"minecraft:skeleton":2,"minecraft:zombie":3,"minecraft:pig":1,"minecraft:spider":2,"hamsters:hamster":1},"minecraft:custom":{"minecraft:time_since_rest":241796,"minecraft:sprint_one_cm":43348,"minecraft:walk_one_cm":303650,"minecraft:damage_taken":2030,"minecraft:damage_absorbed":80,"minecraft:mob_kills":12,"minecraft:drop":3,"minecraft:damage_dealt":689,"minecraft:damage_dealt_absorbed":2769,"minecraft:fly_one_cm":688201,"minecraft:open_chest":5,"minecraft:crouch_one_cm":1637,"minecraft:play_time":241796,"minecraft:sneak_time":2786,"minecraft:walk_under_water_one_cm":32847,"minecraft:jump":216,"minecraft:leave_game":8,"minecraft:walk_on_water_one_cm":8355,"minecraft:time_since_death":241796,"minecraft:total_world_time":241796,"minecraft:damage_resisted":70,"minecraft:fall_one_cm":15783},"minecraft:dropped":{"iceandfire:hydra_heart":1,"more_magic:grimoire_of_secrets":1,"wom:iron_staff":1},"minecraft:used":{"minecraft:redstone_torch":1,"dummmmmmy:target_dummy":2,"minecraft:lever":3,"jetboots:rocket_boots":2,"minecraft:command_block":4,"iceandfire:dragonbone_bow":19,"securitycraft:reinforced_end_stone_bricks":3,"minecraft:chest":1,"minecraft:redstone_block":4,"wom:iron_staff":118,"dungeonnowloading:scepter_of_sealed_chaos":2,"minecraft:glowstone":1,"minecraft:bow":2,"securitycraft:reinforced_sticky_piston":1,"minecraft:golden_apple":2,"effs:hand_combat":93,"minecraft:golden_sword":10,"jetboots:jetboots":3,"minecraft:comparator":9,"minecraft:ice":1,"minecraft:repeating_command_block":16,"iceandfire:spawn_egg_fire_dragon":3,"minecraft:enchanted_golden_apple":1,"cgm:heavy_rifle":36},"minecraft:picked_up":{"minecraft:stick":2,"wom:iron_staff":1,"minecraft:bone":2,"minecraft:arrow":2,"minecraft:rotten_flesh":2}},"DataVersion":3465}