{"stats":{"minecraft:picked_up":{"minecraft:stick":2,"minecraft:sand":6,"minecraft:bone":2,"minecraft:arrow":2,"minecraft:rotten_flesh":2,"minecraft:gold_nugget":5,"minecraft:comparator":6},"minecraft:killed":{"minecraft:skeleton":2,"minecraft:zombie":3,"minecraft:pig":1,"minecraft:spider":2},"minecraft:custom":{"minecraft:time_since_rest":22215,"minecraft:sprint_one_cm":50781,"minecraft:walk_one_cm":401252,"minecraft:damage_taken":2200,"minecraft:damage_absorbed":80,"minecraft:mob_kills":12,"minecraft:drop":50,"minecraft:damage_dealt":731,"minecraft:damage_dealt_absorbed":2769,"minecraft:fly_one_cm":773419,"minecraft:open_chest":5,"minecraft:crouch_one_cm":3179,"minecraft:play_time":313270,"minecraft:deaths":17,"minecraft:sneak_time":4552,"minecraft:walk_under_water_one_cm":34755,"minecraft:jump":362,"minecraft:leave_game":63,"minecraft:walk_on_water_one_cm":11338,"minecraft:time_since_death":22185,"minecraft:total_world_time":313270,"minecraft:damage_resisted":70,"minecraft:fall_one_cm":17108},"minecraft:used":{"minecraft:redstone_torch":1,"minecraft:lever":4,"minecraft:light":5,"chunkloaders:basic_chunk_loader":1,"minecraft:command_block":7,"securitycraft:reinforced_end_stone_bricks":63,"minecraft:barrier":10,"minecraft:chest":1,"minecraft:redstone_block":12,"chunkloaders:advanced_chunk_loader":1,"securitycraft:reinforced_sticky_piston":5,"minecraft:golden_sword":10,"minecraft:golden_apple":2,"minecraft:glowstone":9,"minecraft:comparator":33,"minecraft:bow":2,"minecraft:chain_command_block":1,"minecraft:white_bed":1,"minecraft:repeating_command_block":23,"minecraft:ice":1,"minecraft:tuff":5,"minecraft:enchanted_golden_apple":1},"minecraft:dropped":{"minecraft:iron_nugget":23,"minecraft:gold_nugget":23,"minecraft:golden_apple":4}},"DataVersion":3465}