{"stats":{"minecraft:picked_up":{"wom:iron_staff":1,"minecraft:bone":2,"minecraft:arrow":2,"minecraft:rotten_flesh":2},"minecraft:custom":{"minecraft:time_since_rest":230528,"minecraft:walk_one_cm":255530,"minecraft:damage_absorbed":80,"minecraft:sprint_one_cm":42446,"minecraft:damage_taken":1650,"minecraft:mob_kills":10,"minecraft:drop":3,"minecraft:damage_dealt":689,"minecraft:damage_dealt_absorbed":2769,"minecraft:fly_one_cm":609945,"minecraft:open_chest":5,"minecraft:crouch_one_cm":1637,"minecraft:play_time":230528,"minecraft:sneak_time":2565,"minecraft:walk_under_water_one_cm":31428,"minecraft:jump":192,"minecraft:leave_game":6,"minecraft:walk_on_water_one_cm":8092,"minecraft:time_since_death":230528,"minecraft:total_world_time":230528,"minecraft:damage_resisted":70,"minecraft:fall_one_cm":13997},"minecraft:crafted":{"cgm:heavy_rifle":1,"cgm:specialised_grip":1,"cgm:long_scope":1},"minecraft:dropped":{"iceandfire:hydra_heart":1,"more_magic:grimoire_of_secrets":1,"wom:iron_staff":1},"minecraft:used":{"minecraft:redstone_torch":1,"dummmmmmy:target_dummy":2,"minecraft:lever":3,"jetboots:rocket_boots":2,"minecraft:command_block":4,"iceandfire:dragonbone_bow":19,"securitycraft:reinforced_end_stone_bricks":3,"minecraft:chest":1,"minecraft:redstone_block":4,"wom:iron_staff":118,"dungeonnowloading:scepter_of_sealed_chaos":2,"minecraft:golden_sword":10,"minecraft:golden_apple":2,"securitycraft:reinforced_sticky_piston":1,"effs:hand_combat":93,"minecraft:glowstone":1,"minecraft:comparator":7,"minecraft:bow":2,"jetboots:jetboots":3,"minecraft:ice":1,"minecraft:repeating_command_block":16,"iceandfire:spawn_egg_fire_dragon":3,"minecraft:enchanted_golden_apple":1,"cgm:heavy_rifle":36},"minecraft:killed":{"minecraft:skeleton":2,"minecraft:zombie":3,"minecraft:pig":1,"minecraft:spider":2}},"DataVersion":3465}