{"stats":{"minecraft:custom":{"minecraft:time_since_rest":58667,"minecraft:crouch_one_cm":74,"minecraft:sprint_one_cm":8596,"minecraft:play_time":58667,"minecraft:damage_taken":255,"minecraft:walk_one_cm":76492,"minecraft:sneak_time":507,"minecraft:walk_under_water_one_cm":1372,"minecraft:mob_kills":2,"minecraft:drop":1,"minecraft:jump":64,"minecraft:damage_dealt":401,"minecraft:leave_game":1,"minecraft:walk_on_water_one_cm":655,"minecraft:time_since_death":58667,"minecraft:total_world_time":58667,"minecraft:damage_dealt_absorbed":2733,"minecraft:fall_one_cm":490,"minecraft:fly_one_cm":193671},"minecraft:killed":{"minecraft:zombie":2},"minecraft:dropped":{"iceandfire:hydra_heart":1},"minecraft:picked_up":{"minecraft:rotten_flesh":2},"minecraft:used":{"minecraft:redstone_torch":1,"effs:hand_combat":90,"minecraft:golden_sword":8,"jetboots:jetboots":3,"minecraft:comparator":4,"minecraft:repeating_command_block":3,"minecraft:redstone_block":3}},"DataVersion":3465}