{"stats":{"minecraft:dropped":{"iceandfire:hydra_heart":1},"minecraft:custom":{"minecraft:jump":30,"minecraft:time_since_rest":27544,"minecraft:damage_dealt":0,"minecraft:sprint_one_cm":1663,"minecraft:crouch_one_cm":72,"minecraft:walk_on_water_one_cm":655,"minecraft:play_time":27544,"minecraft:damage_taken":120,"minecraft:time_since_death":27544,"minecraft:walk_one_cm":51041,"minecraft:sneak_time":436,"minecraft:total_world_time":27544,"minecraft:walk_under_water_one_cm":1372,"minecraft:damage_dealt_absorbed":1372,"minecraft:drop":1,"minecraft:fly_one_cm":172846},"minecraft:used":{"minecraft:redstone_torch":1,"effs:hand_combat":18,"minecraft:repeating_command_block":3,"minecraft:redstone_block":3,"minecraft:comparator":4,"minecraft:golden_sword":4}},"DataVersion":3465}