{"stats":{"minecraft:custom":{"minecraft:jump":7,"minecraft:time_since_rest":19288,"minecraft:sprint_one_cm":611,"minecraft:crouch_one_cm":2,"minecraft:walk_on_water_one_cm":655,"minecraft:play_time":19288,"minecraft:damage_taken":120,"minecraft:time_since_death":19288,"minecraft:walk_one_cm":27201,"minecraft:sneak_time":260,"minecraft:total_world_time":19288,"minecraft:walk_under_water_one_cm":1372,"minecraft:fly_one_cm":169523},"minecraft:used":{"minecraft:redstone_torch":1,"minecraft:repeating_command_block":3,"minecraft:redstone_block":3,"minecraft:comparator":3}},"DataVersion":3465}