{"stats":{"minecraft:custom":{"minecraft:time_since_rest":70667,"minecraft:crouch_one_cm":74,"minecraft:sprint_one_cm":14134,"minecraft:play_time":70667,"minecraft:damage_taken":454,"minecraft:walk_one_cm":97328,"minecraft:sneak_time":609,"minecraft:walk_under_water_one_cm":6161,"minecraft:mob_kills":2,"minecraft:drop":2,"minecraft:jump":97,"minecraft:damage_dealt":479,"minecraft:leave_game":1,"minecraft:walk_on_water_one_cm":1583,"minecraft:time_since_death":70667,"minecraft:total_world_time":70667,"minecraft:damage_dealt_absorbed":2733,"minecraft:fall_one_cm":3113,"minecraft:fly_one_cm":304813},"minecraft:killed":{"minecraft:zombie":2},"minecraft:dropped":{"iceandfire:hydra_heart":1,"more_magic:grimoire_of_secrets":1},"minecraft:picked_up":{"minecraft:rotten_flesh":2},"minecraft:used":{"minecraft:redstone_torch":1,"jetboots:rocket_boots":1,"effs:hand_combat":90,"minecraft:golden_sword":10,"jetboots:jetboots":3,"minecraft:comparator":4,"minecraft:repeating_command_block":3,"minecraft:redstone_block":3}},"DataVersion":3465}