{"stats":{"minecraft:used":{"minecraft:redstone_torch":1,"minecraft:lever":3,"minecraft:command_block":6,"minecraft:chest":1,"minecraft:redstone_block":5,"minecraft:golden_sword":10,"minecraft:golden_apple":2,"securitycraft:reinforced_sticky_piston":1,"minecraft:glowstone":3,"minecraft:comparator":15,"minecraft:bow":2,"minecraft:white_bed":1,"minecraft:repeating_command_block":23,"minecraft:ice":1,"securitycraft:reinforced_piston":1,"minecraft:tuff":5,"minecraft:enchanted_golden_apple":1},"minecraft:dropped":{"more_magic:grimoire_of_secrets":1,"minecraft:golden_apple":4},"minecraft:picked_up":{"minecraft:stick":2,"minecraft:bone":2,"minecraft:arrow":2,"minecraft:rotten_flesh":2,"minecraft:comparator":3},"minecraft:killed":{"minecraft:skeleton":2,"minecraft:zombie":3,"minecraft:pig":1,"minecraft:spider":2},"minecraft:custom":{"minecraft:time_since_rest":15457,"minecraft:walk_one_cm":340947,"minecraft:sprint_one_cm":46189,"minecraft:damage_taken":2030,"minecraft:damage_absorbed":80,"minecraft:mob_kills":12,"minecraft:drop":8,"minecraft:damage_dealt":731,"minecraft:damage_dealt_absorbed":2769,"minecraft:fly_one_cm":705115,"minecraft:open_chest":5,"minecraft:crouch_one_cm":1967,"minecraft:play_time":271894,"minecraft:deaths":6,"minecraft:sneak_time":3497,"minecraft:walk_under_water_one_cm":33570,"minecraft:jump":276,"minecraft:leave_game":41,"minecraft:walk_on_water_one_cm":8914,"minecraft:time_since_death":15423,"minecraft:total_world_time":271894,"minecraft:damage_resisted":70,"minecraft:fall_one_cm":15783}},"DataVersion":3465}