{
  "more_magic:magic_secrets": {
    "criteria": {
      "magic_secrets": "2024-07-21 10:21:00 +0000"
    },
    "done": true
  },
  "minecraft:recipes/decorations/crafting_table": {
    "criteria": {
      "unlock_right_away": "2024-07-21 10:21:01 +0000"
    },
    "done": true
  },
  "mowziesmobs:root": {
    "criteria": {
      "custom_test_name": "2024-07-21 10:21:01 +0000"
    },
    "done": true
  },
  "cataclysm:root": {
    "criteria": {
      "custom_test_name": "2024-07-21 10:21:01 +0000"
    },
    "done": true
  },
  "iceandfire:iceandfire/root": {
    "criteria": {
      "tick": "2024-07-21 10:21:01 +0000"
    },
    "done": true
  },
  "cold_sweat:root": {
    "criteria": {
      "requirement": "2024-07-21 10:21:01 +0000"
    },
    "done": true
  },
  "betterdungeons:root": {
    "criteria": {
      "always": "2024-07-21 10:21:01 +0000"
    },
    "done": true
  },
  "minecraft:adventure/adventuring_time": {
    "criteria": {
      "minecraft:taiga": "2024-07-22 03:05:09 +0000",
      "minecraft:frozen_river": "2024-07-21 10:22:23 +0000",
      "minecraft:cherry_grove": "2024-07-21 10:21:46 +0000",
      "minecraft:beach": "2024-07-21 10:21:55 +0000",
      "minecraft:dark_forest": "2024-07-21 10:22:22 +0000",
      "minecraft:river": "2024-07-22 03:05:33 +0000",
      "minecraft:stony_shore": "2024-07-22 03:05:37 +0000",
      "minecraft:snowy_taiga": "2024-07-22 03:00:26 +0000",
      "minecraft:forest": "2024-07-21 10:21:04 +0000",
      "minecraft:lush_caves": "2024-07-21 10:22:26 +0000",
      "minecraft:meadow": "2024-07-21 10:22:08 +0000",
      "minecraft:plains": "2024-07-21 10:21:25 +0000"
    },
    "done": false
  },
  "cold_sweat:recipes/thermometer": {
    "criteria": {
      "temperature": "2024-07-21 10:22:21 +0000"
    },
    "done": true
  },
  "cold_sweat:extreme_temps": {
    "criteria": {
      "requirement": "2024-07-21 10:22:21 +0000"
    },
    "done": true
  },
  "mowziesmobs:suns_blessing": {
    "criteria": {
      "get_suns_blessing": "2024-07-21 10:22:50 +0000"
    },
    "done": true
  },
  "minecraft:recipes/redstone/repeater": {
    "criteria": {
      "has_redstone_torch": "2024-07-21 10:31:39 +0000"
    },
    "done": true
  },
  "minecraft:recipes/redstone/redstone": {
    "criteria": {
      "has_redstone_block": "2024-07-21 10:31:58 +0000"
    },
    "done": true
  },
  "securitycraft:recipes/misc/block_pocket_manager": {
    "criteria": {
      "has_redstone_block": "2024-07-21 10:31:58 +0000"
    },
    "done": true
  },
  "minecraft:recipes/misc/gold_nugget_from_smelting": {
    "criteria": {
      "has_golden_sword": "2024-07-21 10:43:49 +0000"
    },
    "done": true
  },
  "minecraft:recipes/misc/gold_nugget_from_blasting": {
    "criteria": {
      "has_golden_sword": "2024-07-21 10:43:49 +0000"
    },
    "done": true
  },
  "minecraft:adventure/kill_all_mobs": {
    "criteria": {
      "minecraft:zombie": "2024-07-21 10:57:44 +0000"
    },
    "done": false
  },
  "minecraft:adventure/root": {
    "criteria": {
      "killed_something": "2024-07-21 10:57:44 +0000"
    },
    "done": true
  },
  "minecraft:adventure/kill_a_mob": {
    "criteria": {
      "minecraft:zombie": "2024-07-21 10:57:44 +0000"
    },
    "done": true
  },
  "jetboots:recipes/misc/muffled_upgrade": {
    "criteria": {
      "has_jetboots": "2024-07-22 02:54:42 +0000"
    },
    "done": true
  },
  "jetboots:recipes/misc/underwater_upgrade_smithing": {
    "criteria": {
      "has_jetboots": "2024-07-22 02:54:42 +0000"
    },
    "done": true
  },
  "minecraft:recipes/decorations/chest": {
    "criteria": {
      "has_lots_of_items": "2024-07-22 02:54:52 +0000"
    },
    "done": true
  },
  "minecraft:recipes/transportation/cherry_boat": {
    "criteria": {
      "in_water": "2024-07-22 03:04:58 +0000"
    },
    "done": true
  },
  "jetboots:recipes/misc/wireless_range_upgrade_rs_smithing": {
    "criteria": {
      "has_guardianHelmet": "2024-07-22 02:54:35 +0000"
    },
    "done": true
  },
  "jetboots:recipes/misc/shock_absorber_upgrade": {
    "criteria": {
      "has_jetboots": "2024-07-22 02:54:42 +0000"
    },
    "done": true
  },
  "jetboots:recipes/misc/wireless_crafting_upgrade_rs_smithing": {
    "criteria": {
      "has_guardianHelmet": "2024-07-22 02:54:35 +0000"
    },
    "done": true
  },
  "minecraft:recipes/transportation/bamboo_raft": {
    "criteria": {
      "in_water": "2024-07-22 03:04:58 +0000"
    },
    "done": true
  },
  "jetboots:recipes/misc/underwater_upgrade": {
    "criteria": {
      "has_jetboots": "2024-07-22 02:54:42 +0000"
    },
    "done": true
  },
  "minecraft:recipes/transportation/spruce_boat": {
    "criteria": {
      "in_water": "2024-07-22 03:04:58 +0000"
    },
    "done": true
  },
  "jetboots:recipes/misc/engine_upgrade": {
    "criteria": {
      "has_jetboots": "2024-07-22 02:54:42 +0000"
    },
    "done": true
  },
  "jetboots:recipes/misc/thruster_upgrade": {
    "criteria": {
      "has_jetboots": "2024-07-22 02:54:42 +0000"
    },
    "done": true
  },
  "minecraft:recipes/transportation/birch_boat": {
    "criteria": {
      "in_water": "2024-07-22 03:04:58 +0000"
    },
    "done": true
  },
  "minecraft:recipes/transportation/oak_boat": {
    "criteria": {
      "in_water": "2024-07-22 03:04:58 +0000"
    },
    "done": true
  },
  "minecraft:recipes/transportation/mangrove_boat": {
    "criteria": {
      "in_water": "2024-07-22 03:04:58 +0000"
    },
    "done": true
  },
  "jetboots:recipes/misc/engine_upgrade_smithing": {
    "criteria": {
      "has_jetboots": "2024-07-22 02:54:42 +0000"
    },
    "done": true
  },
  "jetboots:recipes/misc/muffled_upgrade_smithing": {
    "criteria": {
      "has_jetboots": "2024-07-22 02:54:42 +0000"
    },
    "done": true
  },
  "jetboots:recipes/misc/thruster_upgrade_smithing": {
    "criteria": {
      "has_jetboots": "2024-07-22 02:54:42 +0000"
    },
    "done": true
  },
  "minecraft:recipes/transportation/acacia_boat": {
    "criteria": {
      "in_water": "2024-07-22 03:04:58 +0000"
    },
    "done": true
  },
  "jetboots:recipes/misc/shock_absorber_upgrade_rocket_smithing": {
    "criteria": {
      "has_rocketboots": "2024-07-22 02:54:52 +0000"
    },
    "done": true
  },
  "jetboots:recipes/misc/shock_absorber_upgrade_smithing": {
    "criteria": {
      "has_jetboots": "2024-07-22 02:54:42 +0000"
    },
    "done": true
  },
  "cold_sweat:recipes/waterskin": {
    "criteria": {
      "temperature": "2024-07-22 02:56:02 +0000"
    },
    "done": true
  },
  "minecraft:recipes/transportation/jungle_boat": {
    "criteria": {
      "in_water": "2024-07-22 03:04:58 +0000"
    },
    "done": true
  },
  "minecraft:recipes/transportation/dark_oak_boat": {
    "criteria": {
      "in_water": "2024-07-22 03:04:58 +0000"
    },
    "done": true
  },
  "DataVersion": 3465
}