{
  "more_magic:magic_secrets": {
    "criteria": {
      "magic_secrets": "2024-07-21 10:21:00 +0000"
    },
    "done": true
  },
  "minecraft:recipes/decorations/crafting_table": {
    "criteria": {
      "unlock_right_away": "2024-07-21 10:21:01 +0000"
    },
    "done": true
  },
  "mowziesmobs:root": {
    "criteria": {
      "custom_test_name": "2024-07-21 10:21:01 +0000"
    },
    "done": true
  },
  "cataclysm:root": {
    "criteria": {
      "custom_test_name": "2024-07-21 10:21:01 +0000"
    },
    "done": true
  },
  "iceandfire:iceandfire/root": {
    "criteria": {
      "tick": "2024-07-21 10:21:01 +0000"
    },
    "done": true
  },
  "cold_sweat:root": {
    "criteria": {
      "requirement": "2024-07-21 10:21:01 +0000"
    },
    "done": true
  },
  "betterdungeons:root": {
    "criteria": {
      "always": "2024-07-21 10:21:01 +0000"
    },
    "done": true
  },
  "minecraft:adventure/adventuring_time": {
    "criteria": {
      "minecraft:taiga": "2024-07-22 03:05:09 +0000",
      "minecraft:frozen_river": "2024-07-21 10:22:23 +0000",
      "minecraft:cherry_grove": "2024-07-21 10:21:46 +0000",
      "minecraft:beach": "2024-07-21 10:21:55 +0000",
      "minecraft:dark_forest": "2024-07-21 10:22:22 +0000",
      "minecraft:river": "2024-07-22 03:05:33 +0000",
      "minecraft:stony_shore": "2024-07-22 03:05:37 +0000",
      "minecraft:snowy_taiga": "2024-07-22 03:00:26 +0000",
      "minecraft:cold_ocean": "2024-07-22 03:43:16 +0000",
      "minecraft:forest": "2024-07-21 10:21:04 +0000",
      "minecraft:lush_caves": "2024-07-21 10:22:26 +0000",
      "minecraft:meadow": "2024-07-21 10:22:08 +0000",
      "minecraft:plains": "2024-07-21 10:21:25 +0000"
    },
    "done": false
  },
  "cold_sweat:recipes/thermometer": {
    "criteria": {
      "temperature": "2024-07-21 10:22:21 +0000"
    },
    "done": true
  },
  "cold_sweat:extreme_temps": {
    "criteria": {
      "requirement": "2024-07-21 10:22:21 +0000"
    },
    "done": true
  },
  "mowziesmobs:suns_blessing": {
    "criteria": {
      "get_suns_blessing": "2024-07-21 10:22:50 +0000"
    },
    "done": true
  },
  "minecraft:recipes/redstone/repeater": {
    "criteria": {
      "has_redstone_torch": "2024-07-21 10:31:39 +0000"
    },
    "done": true
  },
  "minecraft:recipes/redstone/redstone": {
    "criteria": {
      "has_redstone_block": "2024-07-21 10:31:58 +0000"
    },
    "done": true
  },
  "securitycraft:recipes/misc/block_pocket_manager": {
    "criteria": {
      "has_redstone_block": "2024-07-21 10:31:58 +0000"
    },
    "done": true
  },
  "minecraft:recipes/misc/gold_nugget_from_smelting": {
    "criteria": {
      "has_golden_sword": "2024-07-21 10:43:49 +0000"
    },
    "done": true
  },
  "minecraft:recipes/misc/gold_nugget_from_blasting": {
    "criteria": {
      "has_golden_sword": "2024-07-21 10:43:49 +0000"
    },
    "done": true
  },
  "minecraft:adventure/kill_all_mobs": {
    "criteria": {
      "minecraft:spider": "2024-07-22 04:04:32 +0000",
      "minecraft:zombie": "2024-07-21 10:57:44 +0000"
    },
    "done": false
  },
  "minecraft:adventure/root": {
    "criteria": {
      "killed_something": "2024-07-21 10:57:44 +0000"
    },
    "done": true
  },
  "minecraft:adventure/kill_a_mob": {
    "criteria": {
      "minecraft:zombie": "2024-07-21 10:57:44 +0000"
    },
    "done": true
  },
  "jetboots:recipes/misc/wireless_range_upgrade_rs_smithing": {
    "criteria": {
      "has_guardianHelmet": "2024-07-22 02:54:35 +0000"
    },
    "done": true
  },
  "jetboots:recipes/misc/wireless_crafting_upgrade_rs_smithing": {
    "criteria": {
      "has_guardianHelmet": "2024-07-22 02:54:35 +0000"
    },
    "done": true
  },
  "jetboots:recipes/misc/muffled_upgrade": {
    "criteria": {
      "has_jetboots": "2024-07-22 02:54:42 +0000"
    },
    "done": true
  },
  "jetboots:recipes/misc/underwater_upgrade_smithing": {
    "criteria": {
      "has_jetboots": "2024-07-22 02:54:42 +0000"
    },
    "done": true
  },
  "jetboots:recipes/misc/shock_absorber_upgrade": {
    "criteria": {
      "has_jetboots": "2024-07-22 02:54:42 +0000"
    },
    "done": true
  },
  "jetboots:recipes/misc/underwater_upgrade": {
    "criteria": {
      "has_jetboots": "2024-07-22 02:54:42 +0000"
    },
    "done": true
  },
  "jetboots:recipes/misc/engine_upgrade": {
    "criteria": {
      "has_jetboots": "2024-07-22 02:54:42 +0000"
    },
    "done": true
  },
  "jetboots:recipes/misc/thruster_upgrade": {
    "criteria": {
      "has_jetboots": "2024-07-22 02:54:42 +0000"
    },
    "done": true
  },
  "jetboots:recipes/misc/engine_upgrade_smithing": {
    "criteria": {
      "has_jetboots": "2024-07-22 02:54:42 +0000"
    },
    "done": true
  },
  "jetboots:recipes/misc/muffled_upgrade_smithing": {
    "criteria": {
      "has_jetboots": "2024-07-22 02:54:42 +0000"
    },
    "done": true
  },
  "jetboots:recipes/misc/thruster_upgrade_smithing": {
    "criteria": {
      "has_jetboots": "2024-07-22 02:54:42 +0000"
    },
    "done": true
  },
  "jetboots:recipes/misc/shock_absorber_upgrade_smithing": {
    "criteria": {
      "has_jetboots": "2024-07-22 02:54:42 +0000"
    },
    "done": true
  },
  "minecraft:recipes/decorations/chest": {
    "criteria": {
      "has_lots_of_items": "2024-07-22 02:54:52 +0000"
    },
    "done": true
  },
  "jetboots:recipes/misc/shock_absorber_upgrade_rocket_smithing": {
    "criteria": {
      "has_rocketboots": "2024-07-22 02:54:52 +0000"
    },
    "done": true
  },
  "cold_sweat:recipes/waterskin": {
    "criteria": {
      "temperature": "2024-07-22 02:56:02 +0000"
    },
    "done": true
  },
  "minecraft:recipes/transportation/cherry_boat": {
    "criteria": {
      "in_water": "2024-07-22 03:04:58 +0000"
    },
    "done": true
  },
  "minecraft:recipes/transportation/bamboo_raft": {
    "criteria": {
      "in_water": "2024-07-22 03:04:58 +0000"
    },
    "done": true
  },
  "minecraft:recipes/transportation/spruce_boat": {
    "criteria": {
      "in_water": "2024-07-22 03:04:58 +0000"
    },
    "done": true
  },
  "minecraft:recipes/transportation/birch_boat": {
    "criteria": {
      "in_water": "2024-07-22 03:04:58 +0000"
    },
    "done": true
  },
  "minecraft:recipes/transportation/oak_boat": {
    "criteria": {
      "in_water": "2024-07-22 03:04:58 +0000"
    },
    "done": true
  },
  "minecraft:recipes/transportation/mangrove_boat": {
    "criteria": {
      "in_water": "2024-07-22 03:04:58 +0000"
    },
    "done": true
  },
  "minecraft:recipes/transportation/acacia_boat": {
    "criteria": {
      "in_water": "2024-07-22 03:04:58 +0000"
    },
    "done": true
  },
  "minecraft:recipes/transportation/jungle_boat": {
    "criteria": {
      "in_water": "2024-07-22 03:04:58 +0000"
    },
    "done": true
  },
  "minecraft:recipes/transportation/dark_oak_boat": {
    "criteria": {
      "in_water": "2024-07-22 03:04:58 +0000"
    },
    "done": true
  },
  "minecraft:recipes/misc/mojang_banner_pattern": {
    "criteria": {
      "has_enchanted_golden_apple": "2024-07-22 03:40:23 +0000"
    },
    "done": true
  },
  "minecraft:husbandry/root": {
    "criteria": {
      "consumed_item": "2024-07-22 03:40:25 +0000"
    },
    "done": true
  },
  "minecraft:husbandry/balanced_diet": {
    "criteria": {
      "golden_apple": "2024-07-22 04:05:57 +0000",
      "enchanted_golden_apple": "2024-07-22 03:40:25 +0000"
    },
    "done": false
  },
  "securitycraft:recipes/redstone/reinforced_dispenser": {
    "criteria": {
      "has_bow": "2024-07-22 04:22:10 +0000"
    },
    "done": true
  },
  "minecraft:recipes/redstone/dispenser": {
    "criteria": {
      "has_bow": "2024-07-22 04:22:10 +0000"
    },
    "done": true
  },
  "minecraft:recipes/misc/magenta_dye_from_blue_red_pink": {
    "criteria": {
      "has_red_dye": "2024-07-22 04:35:31 +0000"
    },
    "done": true
  },
  "minecraft:recipes/building_blocks/dye_red_carpet": {
    "criteria": {
      "has_needed_dye": "2024-07-22 04:35:31 +0000"
    },
    "done": true
  },
  "minecraft:recipes/building_blocks/dye_red_bed": {
    "criteria": {
      "has_needed_dye": "2024-07-22 04:35:31 +0000"
    },
    "done": true
  },
  "minecraft:recipes/building_blocks/dye_red_wool": {
    "criteria": {
      "has_needed_dye": "2024-07-22 04:35:31 +0000"
    },
    "done": true
  },
  "minecraft:recipes/misc/purple_dye": {
    "criteria": {
      "has_red_dye": "2024-07-22 04:35:31 +0000"
    },
    "done": true
  },
  "minecraft:recipes/misc/orange_dye_from_red_yellow": {
    "criteria": {
      "has_red_dye": "2024-07-22 04:35:31 +0000"
    },
    "done": true
  },
  "minecraft:recipes/decorations/red_candle": {
    "criteria": {
      "has_red_dye": "2024-07-22 04:35:31 +0000"
    },
    "done": true
  },
  "minecraft:recipes/decorations/red_stained_glass_pane_from_glass_pane": {
    "criteria": {
      "has_red_dye": "2024-07-22 04:35:31 +0000"
    },
    "done": true
  },
  "minecraft:recipes/misc/pink_dye_from_red_white_dye": {
    "criteria": {
      "has_red_dye": "2024-07-22 04:35:31 +0000"
    },
    "done": true
  },
  "minecraft:recipes/misc/magenta_dye_from_blue_red_white_dye": {
    "criteria": {
      "has_rose_red": "2024-07-22 04:35:31 +0000"
    },
    "done": true
  },
  "minecraft:recipes/building_blocks/dye_black_carpet": {
    "criteria": {
      "has_needed_dye": "2024-07-22 04:37:43 +0000"
    },
    "done": true
  },
  "minecraft:recipes/building_blocks/dye_black_bed": {
    "criteria": {
      "has_needed_dye": "2024-07-22 04:37:43 +0000"
    },
    "done": true
  },
  "minecraft:recipes/decorations/black_stained_glass_pane_from_glass_pane": {
    "criteria": {
      "has_black_dye": "2024-07-22 04:37:43 +0000"
    },
    "done": true
  },
  "minecraft:recipes/misc/gray_dye": {
    "criteria": {
      "has_black_dye": "2024-07-22 04:37:43 +0000"
    },
    "done": true
  },
  "minecraft:recipes/misc/light_gray_dye_from_black_white_dye": {
    "criteria": {
      "has_black_dye": "2024-07-22 04:37:43 +0000"
    },
    "done": true
  },
  "cgm:recipes/combat/long_scope": {
    "criteria": {
      "has_black_dye": "2024-07-22 04:37:43 +0000"
    },
    "done": true
  },
  "minecraft:recipes/decorations/black_candle": {
    "criteria": {
      "has_black_dye": "2024-07-22 04:37:43 +0000"
    },
    "done": true
  },
  "minecraft:recipes/building_blocks/dye_black_wool": {
    "criteria": {
      "has_needed_dye": "2024-07-22 04:37:43 +0000"
    },
    "done": true
  },
  "minecraft:recipes/redstone/redstone_lamp": {
    "criteria": {
      "has_glowstone": "2024-07-22 05:19:39 +0000"
    },
    "done": true
  },
  "securitycraft:recipes/building_blocks/reinforced_end_stone_brick_stairs_from_reinforced_end_stone_bricks_stonecutting": {
    "criteria": {
      "has_reinforced_end_stone_bricks": "2024-07-22 05:19:41 +0000"
    },
    "done": true
  },
  "securitycraft:recipes/building_blocks/reinforced_end_stone_brick_stairs": {
    "criteria": {
      "has_block": "2024-07-22 05:19:41 +0000"
    },
    "done": true
  },
  "securitycraft:recipes/building_blocks/reinforced_end_stone_brick_wall_from_reinforced_end_stone_bricks_stonecutting": {
    "criteria": {
      "has_reinforced_end_stone_bricks": "2024-07-22 05:19:41 +0000"
    },
    "done": true
  },
  "securitycraft:recipes/building_blocks/reinforced_end_stone_brick_slab_from_reinforced_end_stone_bricks_stonecutting": {
    "criteria": {
      "has_reinforced_end_stone_bricks": "2024-07-22 05:19:41 +0000"
    },
    "done": true
  },
  "securitycraft:recipes/building_blocks/reinforced_end_stone_brick_slab": {
    "criteria": {
      "has_block": "2024-07-22 05:19:41 +0000"
    },
    "done": true
  },
  "securitycraft:recipes/building_blocks/reinforced_end_stone_brick_wall": {
    "criteria": {
      "has_block": "2024-07-22 05:19:41 +0000"
    },
    "done": true
  },
  "iceandfire:iceandfire/dragon_meal": {
    "criteria": {
      "bestiary": "2024-07-22 06:55:44 +0000"
    },
    "done": true
  },
  "minecraft:husbandry/tame_an_animal": {
    "criteria": {
      "tamed_animal": "2024-07-22 06:55:48 +0000"
    },
    "done": true
  },
  "iceandfire:iceandfire/dragon_staff": {
    "criteria": {
      "bestiary": "2024-07-22 06:54:59 +0000"
    },
    "done": true
  },
  "DataVersion": 3465
}